SEA,LON,LAT,ID,CODE,도,분,도,분,LAT2,LON2,LAT2,LON2,LINE_CODE
JH,35˚1.64',128˚33.06',1,A,35,1.64,128,33.06,35.02733333,128.551,35.02733333,128.551,1
JH,35˚1.53',128˚33.06',2,A,35,1.53,128,33.06,35.0255,128.551,35.0255,128.551,1
JH,35˚1.42',128˚33.06',3,A,35,1.42,128,33.06,35.02366667,128.551,35.02366667,128.551,1
JH,35˚1.32',128˚33.06',4,A,35,1.32,128,33.06,35.022,128.551,35.022,128.551,1
JH,35˚1.21',128˚33.06',5,A,35,1.21,128,33.06,35.02016667,128.551,35.02016667,128.551,1
JH,35˚1.1',128˚33.06',6,A,35,1.1,128,33.06,35.01833333,128.551,35.01833333,128.551,1
JH,35˚0.99',128˚33.06',7,A,35,0.99,128,33.06,35.0165,128.551,35.0165,128.551,1
JH,35˚0.88',128˚33.06',8,A,35,0.88,128,33.06,35.01466667,128.551,35.01466667,128.551,1
JH,35˚0.78',128˚33.06',9,A,35,0.78,128,33.06,35.013,128.551,35.013,128.551,1
JH,35˚0.67',128˚33.06',10,A,35,0.67,128,33.06,35.01116667,128.551,35.01116667,128.551,1
JH,35˚0.56',128˚33.06',11,A,35,0.56,128,33.06,35.00933333,128.551,35.00933333,128.551,1
JH,35˚0.45',128˚33.06',12,A,35,0.45,128,33.06,35.0075,128.551,35.0075,128.551,1
JH,35˚0.34',128˚33.06',13,A,35,0.34,128,33.06,35.00566667,128.551,35.00566667,128.551,1
JH,35˚0.24',128˚33.06',14,A,35,0.24,128,33.06,35.004,128.551,35.004,128.551,1
JH,35˚0.13',128˚33.06',15,A,35,0.13,128,33.06,35.00216667,128.551,35.00216667,128.551,1
JH,35˚1.64',128˚33.19',1,A,35,1.64,128,33.19,35.02733333,128.5531667,35.02733333,128.5531667,2
JH,35˚1.53',128˚33.19',2,A,35,1.53,128,33.19,35.0255,128.5531667,35.0255,128.5531667,2
JH,35˚1.42',128˚33.19',3,A,35,1.42,128,33.19,35.02366667,128.5531667,35.02366667,128.5531667,2
JH,35˚1.32',128˚33.19',4,A,35,1.32,128,33.19,35.022,128.5531667,35.022,128.5531667,2
JH,35˚1.21',128˚33.19',5,A,35,1.21,128,33.19,35.02016667,128.5531667,35.02016667,128.5531667,2
JH,35˚1.1',128˚33.19',6,A,35,1.1,128,33.19,35.01833333,128.5531667,35.01833333,128.5531667,2
JH,35˚0.99',128˚33.19',7,A,35,0.99,128,33.19,35.0165,128.5531667,35.0165,128.5531667,2
JH,35˚0.88',128˚33.19',8,A,35,0.88,128,33.19,35.01466667,128.5531667,35.01466667,128.5531667,2
JH,35˚0.78',128˚33.19',9,A,35,0.78,128,33.19,35.013,128.5531667,35.013,128.5531667,2
JH,35˚0.67',128˚33.19',10,A,35,0.67,128,33.19,35.01116667,128.5531667,35.01116667,128.5531667,2
JH,35˚0.56',128˚33.19',11,A,35,0.56,128,33.19,35.00933333,128.5531667,35.00933333,128.5531667,2
JH,35˚0.45',128˚33.19',12,A,35,0.45,128,33.19,35.0075,128.5531667,35.0075,128.5531667,2
JH,35˚0.34',128˚33.19',13,A,35,0.34,128,33.19,35.00566667,128.5531667,35.00566667,128.5531667,2
JH,35˚0.24',128˚33.19',14,A,35,0.24,128,33.19,35.004,128.5531667,35.004,128.5531667,2
JH,35˚0.13',128˚33.19',15,A,35,0.13,128,33.19,35.00216667,128.5531667,35.00216667,128.5531667,3
JH,35˚1.64',128˚33.32',1,A,35,1.64,128,33.32,35.02733333,128.5553333,35.02733333,128.5553333,3
JH,35˚1.53',128˚33.32',2,A,35,1.53,128,33.32,35.0255,128.5553333,35.0255,128.5553333,3
JH,35˚1.42',128˚33.32',3,A,35,1.42,128,33.32,35.02366667,128.5553333,35.02366667,128.5553333,3
JH,35˚1.32',128˚33.32',4,A,35,1.32,128,33.32,35.022,128.5553333,35.022,128.5553333,3
JH,35˚1.21',128˚33.32',5,A,35,1.21,128,33.32,35.02016667,128.5553333,35.02016667,128.5553333,3
JH,35˚1.1',128˚33.32',6,A,35,1.1,128,33.32,35.01833333,128.5553333,35.01833333,128.5553333,3
JH,35˚0.99',128˚33.32',7,A,35,0.99,128,33.32,35.0165,128.5553333,35.0165,128.5553333,3
JH,35˚0.88',128˚33.32',8,A,35,0.88,128,33.32,35.01466667,128.5553333,35.01466667,128.5553333,3
JH,35˚0.78',128˚33.32',9,A,35,0.78,128,33.32,35.013,128.5553333,35.013,128.5553333,3
JH,35˚0.67',128˚33.32',10,A,35,0.67,128,33.32,35.01116667,128.5553333,35.01116667,128.5553333,3
JH,35˚0.56',128˚33.32',11,A,35,0.56,128,33.32,35.00933333,128.5553333,35.00933333,128.5553333,3
JH,35˚0.45',128˚33.32',12,A,35,0.45,128,33.32,35.0075,128.5553333,35.0075,128.5553333,3
JH,35˚0.34',128˚33.32',13,A,35,0.34,128,33.32,35.00566667,128.5553333,35.00566667,128.5553333,3
JH,35˚0.24',128˚33.32',14,A,35,0.24,128,33.32,35.004,128.5553333,35.004,128.5553333,3
JH,35˚0.13',128˚33.32',15,A,35,0.13,128,33.32,35.00216667,128.5553333,35.00216667,128.5553333,3
JH,35˚1.64',128˚33.45',1,A,35,1.64,128,33.45,35.02733333,128.5575,35.02733333,128.5575,4
JH,35˚1.53',128˚33.45',2,A,35,1.53,128,33.45,35.0255,128.5575,35.0255,128.5575,4
JH,35˚1.42',128˚33.45',3,A,35,1.42,128,33.45,35.02366667,128.5575,35.02366667,128.5575,4
JH,35˚1.32',128˚33.45',4,A,35,1.32,128,33.45,35.022,128.5575,35.022,128.5575,4
JH,35˚1.21',128˚33.45',5,A,35,1.21,128,33.45,35.02016667,128.5575,35.02016667,128.5575,4
JH,35˚1.1',128˚33.45',6,A,35,1.1,128,33.45,35.01833333,128.5575,35.01833333,128.5575,4
JH,35˚0.99',128˚33.45',7,A,35,0.99,128,33.45,35.0165,128.5575,35.0165,128.5575,4
JH,35˚0.88',128˚33.45',8,A,35,0.88,128,33.45,35.01466667,128.5575,35.01466667,128.5575,4
JH,35˚0.78',128˚33.45',9,A,35,0.78,128,33.45,35.013,128.5575,35.013,128.5575,4
JH,35˚0.67',128˚33.45',10,A,35,0.67,128,33.45,35.01116667,128.5575,35.01116667,128.5575,4
JH,35˚0.56',128˚33.45',11,A,35,0.56,128,33.45,35.00933333,128.5575,35.00933333,128.5575,4
JH,35˚0.45',128˚33.45',12,A,35,0.45,128,33.45,35.0075,128.5575,35.0075,128.5575,4
JH,35˚0.34',128˚33.45',13,A,35,0.34,128,33.45,35.00566667,128.5575,35.00566667,128.5575,4
JH,35˚0.24',128˚33.45',14,A,35,0.24,128,33.45,35.004,128.5575,35.004,128.5575,4
JH,35˚0.13',128˚33.45',15,A,35,0.13,128,33.45,35.00216667,128.5575,35.00216667,128.5575,4
JH,35˚1.64',128˚33.58',1,A,35,1.64,128,33.58,35.02733333,128.5596667,35.02733333,128.5596667,5
JH,35˚1.53',128˚33.58',2,A,35,1.53,128,33.58,35.0255,128.5596667,35.0255,128.5596667,5
JH,35˚1.42',128˚33.58',3,A,35,1.42,128,33.58,35.02366667,128.5596667,35.02366667,128.5596667,5
JH,35˚1.32',128˚33.58',4,A,35,1.32,128,33.58,35.022,128.5596667,35.022,128.5596667,5
JH,35˚1.21',128˚33.58',5,A,35,1.21,128,33.58,35.02016667,128.5596667,35.02016667,128.5596667,5
JH,35˚1.1',128˚33.58',6,A,35,1.1,128,33.58,35.01833333,128.5596667,35.01833333,128.5596667,5
JH,35˚0.99',128˚33.58',7,A,35,0.99,128,33.58,35.0165,128.5596667,35.0165,128.5596667,5
JH,35˚0.88',128˚33.58',8,A,35,0.88,128,33.58,35.01466667,128.5596667,35.01466667,128.5596667,5
JH,35˚0.78',128˚33.58',9,A,35,0.78,128,33.58,35.013,128.5596667,35.013,128.5596667,5
JH,35˚0.67',128˚33.58',10,A,35,0.67,128,33.58,35.01116667,128.5596667,35.01116667,128.5596667,5
JH,35˚0.56',128˚33.58',11,A,35,0.56,128,33.58,35.00933333,128.5596667,35.00933333,128.5596667,5
JH,35˚0.45',128˚33.58',12,A,35,0.45,128,33.58,35.0075,128.5596667,35.0075,128.5596667,5
JH,35˚0.34',128˚33.58',13,A,35,0.34,128,33.58,35.00566667,128.5596667,35.00566667,128.5596667,5
JH,35˚0.24',128˚33.58',14,A,35,0.24,128,33.58,35.004,128.5596667,35.004,128.5596667,5
JH,35˚0.13',128˚33.58',15,A,35,0.13,128,33.58,35.00216667,128.5596667,35.00216667,128.5596667,5
JH,35˚1.64',128˚33.72',1,B,35,1.64,128,33.72,35.02733333,128.562,35.02733333,128.562,6
JH,35˚1.53',128˚33.72',2,B,35,1.53,128,33.72,35.0255,128.562,35.0255,128.562,6
JH,35˚1.42',128˚33.72',3,B,35,1.42,128,33.72,35.02366667,128.562,35.02366667,128.562,6
JH,35˚1.32',128˚33.72',4,B,35,1.32,128,33.72,35.022,128.562,35.022,128.562,6
JH,35˚1.21',128˚33.72',5,B,35,1.21,128,33.72,35.02016667,128.562,35.02016667,128.562,6
JH,35˚1.1',128˚33.72',6,B,35,1.1,128,33.72,35.01833333,128.562,35.01833333,128.562,6
JH,35˚0.99',128˚33.72',7,B,35,0.99,128,33.72,35.0165,128.562,35.0165,128.562,6
JH,35˚0.88',128˚33.72',8,B,35,0.88,128,33.72,35.01466667,128.562,35.01466667,128.562,6
JH,35˚0.78',128˚33.72',9,B,35,0.78,128,33.72,35.013,128.562,35.013,128.562,6
JH,35˚0.67',128˚33.72',10,B,35,0.67,128,33.72,35.01116667,128.562,35.01116667,128.562,6
JH,35˚0.56',128˚33.72',11,B,35,0.56,128,33.72,35.00933333,128.562,35.00933333,128.562,6
JH,35˚0.45',128˚33.72',12,B,35,0.45,128,33.72,35.0075,128.562,35.0075,128.562,6
JH,35˚0.34',128˚33.72',13,B,35,0.34,128,33.72,35.00566667,128.562,35.00566667,128.562,6
JH,35˚0.24',128˚33.72',14,B,35,0.24,128,33.72,35.004,128.562,35.004,128.562,6
JH,35˚0.13',128˚33.72',15,B,35,0.13,128,33.72,35.00216667,128.562,35.00216667,128.562,6
JH,35˚1.64',128˚33.85',1,B,35,1.64,128,33.85,35.02733333,128.5641667,35.02733333,128.5641667,7
JH,35˚1.53',128˚33.85',2,B,35,1.53,128,33.85,35.0255,128.5641667,35.0255,128.5641667,7
JH,35˚1.42',128˚33.85',3,B,35,1.42,128,33.85,35.02366667,128.5641667,35.02366667,128.5641667,7
JH,35˚1.32',128˚33.85',4,B,35,1.32,128,33.85,35.022,128.5641667,35.022,128.5641667,7
JH,35˚1.21',128˚33.85',5,B,35,1.21,128,33.85,35.02016667,128.5641667,35.02016667,128.5641667,7
JH,35˚1.1',128˚33.85',6,B,35,1.1,128,33.85,35.01833333,128.5641667,35.01833333,128.5641667,7
JH,35˚0.99',128˚33.85',7,B,35,0.99,128,33.85,35.0165,128.5641667,35.0165,128.5641667,7
JH,35˚0.88',128˚33.85',8,B,35,0.88,128,33.85,35.01466667,128.5641667,35.01466667,128.5641667,7
JH,35˚0.78',128˚33.85',9,B,35,0.78,128,33.85,35.013,128.5641667,35.013,128.5641667,7
JH,35˚0.67',128˚33.85',10,B,35,0.67,128,33.85,35.01116667,128.5641667,35.01116667,128.5641667,7
JH,35˚0.56',128˚33.85',11,B,35,0.56,128,33.85,35.00933333,128.5641667,35.00933333,128.5641667,7
JH,35˚0.45',128˚33.85',12,B,35,0.45,128,33.85,35.0075,128.5641667,35.0075,128.5641667,7
JH,35˚0.34',128˚33.85',13,B,35,0.34,128,33.85,35.00566667,128.5641667,35.00566667,128.5641667,7
JH,35˚0.24',128˚33.85',14,B,35,0.24,128,33.85,35.004,128.5641667,35.004,128.5641667,7
JH,35˚0.13',128˚33.85',15,B,35,0.13,128,33.85,35.00216667,128.5641667,35.00216667,128.5641667,7
JH,35˚1.64',128˚33.98',1,B,35,1.64,128,33.98,35.02733333,128.5663333,35.02733333,128.5663333,8
JH,35˚1.53',128˚33.98',2,B,35,1.53,128,33.98,35.0255,128.5663333,35.0255,128.5663333,8
JH,35˚1.42',128˚33.98',3,B,35,1.42,128,33.98,35.02366667,128.5663333,35.02366667,128.5663333,8
JH,35˚1.32',128˚33.98',4,B,35,1.32,128,33.98,35.022,128.5663333,35.022,128.5663333,8
JH,35˚1.21',128˚33.98',5,B,35,1.21,128,33.98,35.02016667,128.5663333,35.02016667,128.5663333,8
JH,35˚1.1',128˚33.98',6,B,35,1.1,128,33.98,35.01833333,128.5663333,35.01833333,128.5663333,8
JH,35˚0.99',128˚33.98',7,B,35,0.99,128,33.98,35.0165,128.5663333,35.0165,128.5663333,8
JH,35˚0.88',128˚33.98',8,B,35,0.88,128,33.98,35.01466667,128.5663333,35.01466667,128.5663333,8
JH,35˚0.78',128˚33.98',9,B,35,0.78,128,33.98,35.013,128.5663333,35.013,128.5663333,8
JH,35˚0.67',128˚33.98',10,B,35,0.67,128,33.98,35.01116667,128.5663333,35.01116667,128.5663333,8
JH,35˚0.56',128˚33.98',11,B,35,0.56,128,33.98,35.00933333,128.5663333,35.00933333,128.5663333,8
JH,35˚0.45',128˚33.98',12,B,35,0.45,128,33.98,35.0075,128.5663333,35.0075,128.5663333,8
JH,35˚0.34',128˚33.98',13,B,35,0.34,128,33.98,35.00566667,128.5663333,35.00566667,128.5663333,8
JH,35˚0.24',128˚33.98',14,B,35,0.24,128,33.98,35.004,128.5663333,35.004,128.5663333,8
JH,35˚0.13',128˚33.98',15,B,35,0.13,128,33.98,35.00216667,128.5663333,35.00216667,128.5663333,8
JH,35˚1.64',128˚34.11',1,B,35,1.64,128,34.11,35.02733333,128.5685,35.02733333,128.5685,9
JH,35˚1.53',128˚34.11',2,B,35,1.53,128,34.11,35.0255,128.5685,35.0255,128.5685,9
JH,35˚1.42',128˚34.11',3,B,35,1.42,128,34.11,35.02366667,128.5685,35.02366667,128.5685,9
JH,35˚1.32',128˚34.11',4,B,35,1.32,128,34.11,35.022,128.5685,35.022,128.5685,9
JH,35˚1.21',128˚34.11',5,B,35,1.21,128,34.11,35.02016667,128.5685,35.02016667,128.5685,9
JH,35˚1.1',128˚34.11',6,B,35,1.1,128,34.11,35.01833333,128.5685,35.01833333,128.5685,9
JH,35˚0.99',128˚34.11',7,B,35,0.99,128,34.11,35.0165,128.5685,35.0165,128.5685,9
JH,35˚0.88',128˚34.11',8,B,35,0.88,128,34.11,35.01466667,128.5685,35.01466667,128.5685,9
JH,35˚0.78',128˚34.11',9,B,35,0.78,128,34.11,35.013,128.5685,35.013,128.5685,9
JH,35˚0.67',128˚34.11',10,B,35,0.67,128,34.11,35.01116667,128.5685,35.01116667,128.5685,9
JH,35˚0.56',128˚34.11',11,B,35,0.56,128,34.11,35.00933333,128.5685,35.00933333,128.5685,9
JH,35˚0.45',128˚34.11',12,B,35,0.45,128,34.11,35.0075,128.5685,35.0075,128.5685,9
JH,35˚0.34',128˚34.11',13,B,35,0.34,128,34.11,35.00566667,128.5685,35.00566667,128.5685,9
JH,35˚0.24',128˚34.11',14,B,35,0.24,128,34.11,35.004,128.5685,35.004,128.5685,9
JH,35˚0.13',128˚34.11',15,B,35,0.13,128,34.11,35.00216667,128.5685,35.00216667,128.5685,9
JH,35˚1.64',128˚34.24',1,B,35,1.64,128,34.24,35.02733333,128.5706667,35.02733333,128.5706667,10
JH,35˚1.53',128˚34.24',2,B,35,1.53,128,34.24,35.0255,128.5706667,35.0255,128.5706667,10
JH,35˚1.42',128˚34.24',3,B,35,1.42,128,34.24,35.02366667,128.5706667,35.02366667,128.5706667,10
JH,35˚1.32',128˚34.24',4,B,35,1.32,128,34.24,35.022,128.5706667,35.022,128.5706667,10
JH,35˚1.21',128˚34.24',5,B,35,1.21,128,34.24,35.02016667,128.5706667,35.02016667,128.5706667,10
JH,35˚1.1',128˚34.24',6,B,35,1.1,128,34.24,35.01833333,128.5706667,35.01833333,128.5706667,10
JH,35˚0.99',128˚34.24',7,B,35,0.99,128,34.24,35.0165,128.5706667,35.0165,128.5706667,10
JH,35˚0.88',128˚34.24',8,B,35,0.88,128,34.24,35.01466667,128.5706667,35.01466667,128.5706667,10
JH,35˚0.78',128˚34.24',9,B,35,0.78,128,34.24,35.013,128.5706667,35.013,128.5706667,10
JH,35˚0.67',128˚34.24',10,B,35,0.67,128,34.24,35.01116667,128.5706667,35.01116667,128.5706667,10
JH,35˚0.56',128˚34.24',11,B,35,0.56,128,34.24,35.00933333,128.5706667,35.00933333,128.5706667,10
JH,35˚0.45',128˚34.24',12,B,35,0.45,128,34.24,35.0075,128.5706667,35.0075,128.5706667,10
JH,35˚0.34',128˚34.24',13,B,35,0.34,128,34.24,35.00566667,128.5706667,35.00566667,128.5706667,10
JH,35˚0.24',128˚34.24',14,B,35,0.24,128,34.24,35.004,128.5706667,35.004,128.5706667,10
JH,35˚0.13',128˚34.24',15,B,35,0.13,128,34.24,35.00216667,128.5706667,35.00216667,128.5706667,10
JH,35˚1.64',128˚34.38',1,C,35,1.64,128,34.38,35.02733333,128.573,35.02733333,128.573,11
JH,35˚1.53',128˚34.38',2,C,35,1.53,128,34.38,35.0255,128.573,35.0255,128.573,11
JH,35˚1.42',128˚34.38',3,C,35,1.42,128,34.38,35.02366667,128.573,35.02366667,128.573,11
JH,35˚1.32',128˚34.38',4,C,35,1.32,128,34.38,35.022,128.573,35.022,128.573,11
JH,35˚1.21',128˚34.38',5,C,35,1.21,128,34.38,35.02016667,128.573,35.02016667,128.573,11
JH,35˚1.1',128˚34.38',6,C,35,1.1,128,34.38,35.01833333,128.573,35.01833333,128.573,11
JH,35˚0.99',128˚34.38',7,C,35,0.99,128,34.38,35.0165,128.573,35.0165,128.573,11
JH,35˚0.88',128˚34.38',8,C,35,0.88,128,34.38,35.01466667,128.573,35.01466667,128.573,11
JH,35˚0.78',128˚34.38',9,C,35,0.78,128,34.38,35.013,128.573,35.013,128.573,11
JH,35˚0.67',128˚34.38',10,C,35,0.67,128,34.38,35.01116667,128.573,35.01116667,128.573,11
JH,35˚0.56',128˚34.38',11,C,35,0.56,128,34.38,35.00933333,128.573,35.00933333,128.573,11
JH,35˚0.45',128˚34.38',12,C,35,0.45,128,34.38,35.0075,128.573,35.0075,128.573,11
JH,35˚0.34',128˚34.38',13,C,35,0.34,128,34.38,35.00566667,128.573,35.00566667,128.573,11
JH,35˚0.24',128˚34.38',14,C,35,0.24,128,34.38,35.004,128.573,35.004,128.573,11
JH,35˚0.13',128˚34.38',15,C,35,0.13,128,34.38,35.00216667,128.573,35.00216667,128.573,11
JH,35˚1.64',128˚34.51',1,C,35,1.64,128,34.51,35.02733333,128.5751667,35.02733333,128.5751667,12
JH,35˚1.53',128˚34.51',2,C,35,1.53,128,34.51,35.0255,128.5751667,35.0255,128.5751667,12
JH,35˚1.42',128˚34.51',3,C,35,1.42,128,34.51,35.02366667,128.5751667,35.02366667,128.5751667,12
JH,35˚1.32',128˚34.51',4,C,35,1.32,128,34.51,35.022,128.5751667,35.022,128.5751667,12
JH,35˚1.21',128˚34.51',5,C,35,1.21,128,34.51,35.02016667,128.5751667,35.02016667,128.5751667,12
JH,35˚1.1',128˚34.51',6,C,35,1.1,128,34.51,35.01833333,128.5751667,35.01833333,128.5751667,12
JH,35˚0.99',128˚34.51',7,C,35,0.99,128,34.51,35.0165,128.5751667,35.0165,128.5751667,12
JH,35˚0.88',128˚34.51',8,C,35,0.88,128,34.51,35.01466667,128.5751667,35.01466667,128.5751667,12
JH,35˚0.78',128˚34.51',9,C,35,0.78,128,34.51,35.013,128.5751667,35.013,128.5751667,12
JH,35˚0.67',128˚34.51',10,C,35,0.67,128,34.51,35.01116667,128.5751667,35.01116667,128.5751667,12
JH,35˚0.56',128˚34.51',11,C,35,0.56,128,34.51,35.00933333,128.5751667,35.00933333,128.5751667,12
JH,35˚0.45',128˚34.51',12,C,35,0.45,128,34.51,35.0075,128.5751667,35.0075,128.5751667,12
JH,35˚0.34',128˚34.51',13,C,35,0.34,128,34.51,35.00566667,128.5751667,35.00566667,128.5751667,12
JH,35˚0.24',128˚34.51',14,C,35,0.24,128,34.51,35.004,128.5751667,35.004,128.5751667,12
JH,35˚0.13',128˚34.51',15,C,35,0.13,128,34.51,35.00216667,128.5751667,35.00216667,128.5751667,12
JH,35˚1.64',128˚34.64',1,C,35,1.64,128,34.64,35.02733333,128.5773333,35.02733333,128.5773333,13
JH,35˚1.53',128˚34.64',2,C,35,1.53,128,34.64,35.0255,128.5773333,35.0255,128.5773333,13
JH,35˚1.42',128˚34.64',3,C,35,1.42,128,34.64,35.02366667,128.5773333,35.02366667,128.5773333,13
JH,35˚1.32',128˚34.64',4,C,35,1.32,128,34.64,35.022,128.5773333,35.022,128.5773333,13
JH,35˚1.21',128˚34.64',5,C,35,1.21,128,34.64,35.02016667,128.5773333,35.02016667,128.5773333,13
JH,35˚1.1',128˚34.64',6,C,35,1.1,128,34.64,35.01833333,128.5773333,35.01833333,128.5773333,13
JH,35˚0.99',128˚34.64',7,C,35,0.99,128,34.64,35.0165,128.5773333,35.0165,128.5773333,13
JH,35˚0.88',128˚34.64',8,C,35,0.88,128,34.64,35.01466667,128.5773333,35.01466667,128.5773333,13
JH,35˚0.78',128˚34.64',9,C,35,0.78,128,34.64,35.013,128.5773333,35.013,128.5773333,13
JH,35˚0.67',128˚34.64',10,C,35,0.67,128,34.64,35.01116667,128.5773333,35.01116667,128.5773333,13
JH,35˚0.56',128˚34.64',11,C,35,0.56,128,34.64,35.00933333,128.5773333,35.00933333,128.5773333,13
JH,35˚0.45',128˚34.64',12,C,35,0.45,128,34.64,35.0075,128.5773333,35.0075,128.5773333,13
JH,35˚0.34',128˚34.64',13,C,35,0.34,128,34.64,35.00566667,128.5773333,35.00566667,128.5773333,13
JH,35˚0.24',128˚34.64',14,C,35,0.24,128,34.64,35.004,128.5773333,35.004,128.5773333,13
JH,35˚0.13',128˚34.64',15,C,35,0.13,128,34.64,35.00216667,128.5773333,35.00216667,128.5773333,13
JH,35˚1.64',128˚34.77',1,C,35,1.64,128,34.77,35.02733333,128.5795,35.02733333,128.5795,14
JH,35˚1.53',128˚34.77',2,C,35,1.53,128,34.77,35.0255,128.5795,35.0255,128.5795,14
JH,35˚1.42',128˚34.77',3,C,35,1.42,128,34.77,35.02366667,128.5795,35.02366667,128.5795,14
JH,35˚1.32',128˚34.77',4,C,35,1.32,128,34.77,35.022,128.5795,35.022,128.5795,14
JH,35˚1.21',128˚34.77',5,C,35,1.21,128,34.77,35.02016667,128.5795,35.02016667,128.5795,14
JH,35˚1.1',128˚34.77',6,C,35,1.1,128,34.77,35.01833333,128.5795,35.01833333,128.5795,14
JH,35˚0.99',128˚34.77',7,C,35,0.99,128,34.77,35.0165,128.5795,35.0165,128.5795,14
JH,35˚0.88',128˚34.77',8,C,35,0.88,128,34.77,35.01466667,128.5795,35.01466667,128.5795,14
JH,35˚0.78',128˚34.77',9,C,35,0.78,128,34.77,35.013,128.5795,35.013,128.5795,14
JH,35˚0.67',128˚34.77',10,C,35,0.67,128,34.77,35.01116667,128.5795,35.01116667,128.5795,14
JH,35˚0.56',128˚34.77',11,C,35,0.56,128,34.77,35.00933333,128.5795,35.00933333,128.5795,14
JH,35˚0.45',128˚34.77',12,C,35,0.45,128,34.77,35.0075,128.5795,35.0075,128.5795,14
JH,35˚0.34',128˚34.77',13,C,35,0.34,128,34.77,35.00566667,128.5795,35.00566667,128.5795,14
JH,35˚0.24',128˚34.77',14,C,35,0.24,128,34.77,35.004,128.5795,35.004,128.5795,14
JH,35˚0.13',128˚34.77',15,C,35,0.13,128,34.77,35.00216667,128.5795,35.00216667,128.5795,14
JH,35˚1.64',128˚34.9',1,C,35,1.64,128,34.9,35.02733333,128.5816667,35.02733333,128.5816667,15
JH,35˚1.53',128˚34.9',2,C,35,1.53,128,34.9,35.0255,128.5816667,35.0255,128.5816667,15
JH,35˚1.42',128˚34.9',3,C,35,1.42,128,34.9,35.02366667,128.5816667,35.02366667,128.5816667,15
JH,35˚1.32',128˚34.9',4,C,35,1.32,128,34.9,35.022,128.5816667,35.022,128.5816667,15
JH,35˚1.21',128˚34.9',5,C,35,1.21,128,34.9,35.02016667,128.5816667,35.02016667,128.5816667,15
JH,35˚1.1',128˚34.9',6,C,35,1.1,128,34.9,35.01833333,128.5816667,35.01833333,128.5816667,15
JH,35˚0.99',128˚34.9',7,C,35,0.99,128,34.9,35.0165,128.5816667,35.0165,128.5816667,15
JH,35˚0.88',128˚34.9',8,C,35,0.88,128,34.9,35.01466667,128.5816667,35.01466667,128.5816667,15
JH,35˚0.78',128˚34.9',9,C,35,0.78,128,34.9,35.013,128.5816667,35.013,128.5816667,15
JH,35˚0.67',128˚34.9',10,C,35,0.67,128,34.9,35.01116667,128.5816667,35.01116667,128.5816667,15
JH,35˚0.56',128˚34.9',11,C,35,0.56,128,34.9,35.00933333,128.5816667,35.00933333,128.5816667,15
JH,35˚0.45',128˚34.9',12,C,35,0.45,128,34.9,35.0075,128.5816667,35.0075,128.5816667,15
JH,35˚0.34',128˚34.9',13,C,35,0.34,128,34.9,35.00566667,128.5816667,35.00566667,128.5816667,15
JH,35˚0.24',128˚34.9',14,C,35,0.24,128,34.9,35.004,128.5816667,35.004,128.5816667,15
JH,35˚0.13',128˚34.9',15,C,35,0.13,128,34.9,35.00216667,128.5816667,35.00216667,128.5816667,15
GJ,35˚3.1',128˚44.66',1,A,35,3.1,128,44.66,35.05166667,128.7443333,35.05166667,128.7443333,1
GJ,35˚2.99',128˚44.66',2,A,35,2.99,128,44.66,35.04983333,128.7443333,35.04983333,128.7443333,1
GJ,35˚2.88',128˚44.66',3,A,35,2.88,128,44.66,35.048,128.7443333,35.048,128.7443333,1
GJ,35˚2.77',128˚44.66',4,A,35,2.77,128,44.66,35.04616667,128.7443333,35.04616667,128.7443333,1
GJ,35˚2.66',128˚44.66',5,A,35,2.66,128,44.66,35.04433333,128.7443333,35.04433333,128.7443333,1
GJ,35˚2.56',128˚44.66',6,A,35,2.56,128,44.66,35.04266667,128.7443333,35.04266667,128.7443333,1
GJ,35˚2.45',128˚44.66',7,A,35,2.45,128,44.66,35.04083333,128.7443333,35.04083333,128.7443333,1
GJ,35˚2.34',128˚44.66',8,A,35,2.34,128,44.66,35.039,128.7443333,35.039,128.7443333,1
GJ,35˚2.23',128˚44.66',9,A,35,2.23,128,44.66,35.03716667,128.7443333,35.03716667,128.7443333,1
GJ,35˚2.12',128˚44.66',10,A,35,2.12,128,44.66,35.03533333,128.7443333,35.03533333,128.7443333,1
GJ,35˚2.02',128˚44.66',11,A,35,2.02,128,44.66,35.03366667,128.7443333,35.03366667,128.7443333,1
GJ,35˚1.91',128˚44.66',12,A,35,1.91,128,44.66,35.03183333,128.7443333,35.03183333,128.7443333,1
GJ,35˚1.8',128˚44.66',13,A,35,1.8,128,44.66,35.03,128.7443333,35.03,128.7443333,1
GJ,35˚1.69',128˚44.66',14,A,35,1.69,128,44.66,35.02816667,128.7443333,35.02816667,128.7443333,1
GJ,35˚1.58',128˚44.66',15,A,35,1.58,128,44.66,35.02633333,128.7443333,35.02633333,128.7443333,1
GJ,35˚3.1',128˚44.8',1,A,35,3.1,128,44.8,35.05166667,128.7466667,35.05166667,128.7466667,2
GJ,35˚2.99',128˚44.8',2,A,35,2.99,128,44.8,35.04983333,128.7466667,35.04983333,128.7466667,2
GJ,35˚2.88',128˚44.8',3,A,35,2.88,128,44.8,35.048,128.7466667,35.048,128.7466667,2
GJ,35˚2.77',128˚44.8',4,A,35,2.77,128,44.8,35.04616667,128.7466667,35.04616667,128.7466667,2
GJ,35˚2.66',128˚44.8',5,A,35,2.66,128,44.8,35.04433333,128.7466667,35.04433333,128.7466667,2
GJ,35˚2.56',128˚44.8',6,A,35,2.56,128,44.8,35.04266667,128.7466667,35.04266667,128.7466667,2
GJ,35˚2.45',128˚44.8',7,A,35,2.45,128,44.8,35.04083333,128.7466667,35.04083333,128.7466667,2
GJ,35˚2.34',128˚44.8',8,A,35,2.34,128,44.8,35.039,128.7466667,35.039,128.7466667,2
GJ,35˚2.23',128˚44.8',9,A,35,2.23,128,44.8,35.03716667,128.7466667,35.03716667,128.7466667,2
GJ,35˚2.12',128˚44.8',10,A,35,2.12,128,44.8,35.03533333,128.7466667,35.03533333,128.7466667,2
GJ,35˚2.02',128˚44.8',11,A,35,2.02,128,44.8,35.03366667,128.7466667,35.03366667,128.7466667,2
GJ,35˚1.91',128˚44.8',12,A,35,1.91,128,44.8,35.03183333,128.7466667,35.03183333,128.7466667,2
GJ,35˚1.8',128˚44.8',13,A,35,1.8,128,44.8,35.03,128.7466667,35.03,128.7466667,2
GJ,35˚1.69',128˚44.8',14,A,35,1.69,128,44.8,35.02816667,128.7466667,35.02816667,128.7466667,2
GJ,35˚1.58',128˚44.8',15,A,35,1.58,128,44.8,35.02633333,128.7466667,35.02633333,128.7466667,3
GJ,35˚3.1',128˚44.93',1,A,35,3.1,128,44.93,35.05166667,128.7488333,35.05166667,128.7488333,3
GJ,35˚2.99',128˚44.93',2,A,35,2.99,128,44.93,35.04983333,128.7488333,35.04983333,128.7488333,3
GJ,35˚2.88',128˚44.93',3,A,35,2.88,128,44.93,35.048,128.7488333,35.048,128.7488333,3
GJ,35˚2.77',128˚44.93',4,A,35,2.77,128,44.93,35.04616667,128.7488333,35.04616667,128.7488333,3
GJ,35˚2.66',128˚44.93',5,A,35,2.66,128,44.93,35.04433333,128.7488333,35.04433333,128.7488333,3
GJ,35˚2.56',128˚44.93',6,A,35,2.56,128,44.93,35.04266667,128.7488333,35.04266667,128.7488333,3
GJ,35˚2.45',128˚44.93',7,A,35,2.45,128,44.93,35.04083333,128.7488333,35.04083333,128.7488333,3
GJ,35˚2.34',128˚44.93',8,A,35,2.34,128,44.93,35.039,128.7488333,35.039,128.7488333,3
GJ,35˚2.23',128˚44.93',9,A,35,2.23,128,44.93,35.03716667,128.7488333,35.03716667,128.7488333,3
GJ,35˚2.12',128˚44.93',10,A,35,2.12,128,44.93,35.03533333,128.7488333,35.03533333,128.7488333,3
GJ,35˚2.02',128˚44.93',11,A,35,2.02,128,44.93,35.03366667,128.7488333,35.03366667,128.7488333,3
GJ,35˚1.91',128˚44.93',12,A,35,1.91,128,44.93,35.03183333,128.7488333,35.03183333,128.7488333,3
GJ,35˚1.8',128˚44.93',13,A,35,1.8,128,44.93,35.03,128.7488333,35.03,128.7488333,3
GJ,35˚1.69',128˚44.93',14,A,35,1.69,128,44.93,35.02816667,128.7488333,35.02816667,128.7488333,3
GJ,35˚1.58',128˚44.93',15,A,35,1.58,128,44.93,35.02633333,128.7488333,35.02633333,128.7488333,3
GJ,35˚3.1',128˚45.06',1,A,35,3.1,128,45.06,35.05166667,128.751,35.05166667,128.751,4
GJ,35˚2.99',128˚45.06',2,A,35,2.99,128,45.06,35.04983333,128.751,35.04983333,128.751,4
GJ,35˚2.88',128˚45.06',3,A,35,2.88,128,45.06,35.048,128.751,35.048,128.751,4
GJ,35˚2.77',128˚45.06',4,A,35,2.77,128,45.06,35.04616667,128.751,35.04616667,128.751,4
GJ,35˚2.66',128˚45.06',5,A,35,2.66,128,45.06,35.04433333,128.751,35.04433333,128.751,4
GJ,35˚2.56',128˚45.06',6,A,35,2.56,128,45.06,35.04266667,128.751,35.04266667,128.751,4
GJ,35˚2.45',128˚45.06',7,A,35,2.45,128,45.06,35.04083333,128.751,35.04083333,128.751,4
GJ,35˚2.34',128˚45.06',8,A,35,2.34,128,45.06,35.039,128.751,35.039,128.751,4
GJ,35˚2.23',128˚45.06',9,A,35,2.23,128,45.06,35.03716667,128.751,35.03716667,128.751,4
GJ,35˚2.12',128˚45.06',10,A,35,2.12,128,45.06,35.03533333,128.751,35.03533333,128.751,4
GJ,35˚2.02',128˚45.06',11,A,35,2.02,128,45.06,35.03366667,128.751,35.03366667,128.751,4
GJ,35˚1.91',128˚45.06',12,A,35,1.91,128,45.06,35.03183333,128.751,35.03183333,128.751,4
GJ,35˚1.8',128˚45.06',13,A,35,1.8,128,45.06,35.03,128.751,35.03,128.751,4
GJ,35˚1.69',128˚45.06',14,A,35,1.69,128,45.06,35.02816667,128.751,35.02816667,128.751,4
GJ,35˚1.58',128˚45.06',15,A,35,1.58,128,45.06,35.02633333,128.751,35.02633333,128.751,4
GJ,35˚3.1',128˚45.19',1,A,35,3.1,128,45.19,35.05166667,128.7531667,35.05166667,128.7531667,5
GJ,35˚2.99',128˚45.19',2,A,35,2.99,128,45.19,35.04983333,128.7531667,35.04983333,128.7531667,5
GJ,35˚2.88',128˚45.19',3,A,35,2.88,128,45.19,35.048,128.7531667,35.048,128.7531667,5
GJ,35˚2.77',128˚45.19',4,A,35,2.77,128,45.19,35.04616667,128.7531667,35.04616667,128.7531667,5
GJ,35˚2.66',128˚45.19',5,A,35,2.66,128,45.19,35.04433333,128.7531667,35.04433333,128.7531667,5
GJ,35˚2.56',128˚45.19',6,A,35,2.56,128,45.19,35.04266667,128.7531667,35.04266667,128.7531667,5
GJ,35˚2.45',128˚45.19',7,A,35,2.45,128,45.19,35.04083333,128.7531667,35.04083333,128.7531667,5
GJ,35˚2.34',128˚45.19',8,A,35,2.34,128,45.19,35.039,128.7531667,35.039,128.7531667,5
GJ,35˚2.23',128˚45.19',9,A,35,2.23,128,45.19,35.03716667,128.7531667,35.03716667,128.7531667,5
GJ,35˚2.12',128˚45.19',10,A,35,2.12,128,45.19,35.03533333,128.7531667,35.03533333,128.7531667,5
GJ,35˚2.02',128˚45.19',11,A,35,2.02,128,45.19,35.03366667,128.7531667,35.03366667,128.7531667,5
GJ,35˚1.91',128˚45.19',12,A,35,1.91,128,45.19,35.03183333,128.7531667,35.03183333,128.7531667,5
GJ,35˚1.8',128˚45.19',13,A,35,1.8,128,45.19,35.03,128.7531667,35.03,128.7531667,5
GJ,35˚1.69',128˚45.19',14,A,35,1.69,128,45.19,35.02816667,128.7531667,35.02816667,128.7531667,5
GJ,35˚1.58',128˚45.19',15,A,35,1.58,128,45.19,35.02633333,128.7531667,35.02633333,128.7531667,5
GJ,35˚3.1',128˚45.32',1,B,35,3.1,128,45.32,35.05166667,128.7553333,35.05166667,128.7553333,6
GJ,35˚2.99',128˚45.32',2,B,35,2.99,128,45.32,35.04983333,128.7553333,35.04983333,128.7553333,6
GJ,35˚2.88',128˚45.32',3,B,35,2.88,128,45.32,35.048,128.7553333,35.048,128.7553333,6
GJ,35˚2.77',128˚45.32',4,B,35,2.77,128,45.32,35.04616667,128.7553333,35.04616667,128.7553333,6
GJ,35˚2.66',128˚45.32',5,B,35,2.66,128,45.32,35.04433333,128.7553333,35.04433333,128.7553333,6
GJ,35˚2.56',128˚45.32',6,B,35,2.56,128,45.32,35.04266667,128.7553333,35.04266667,128.7553333,6
GJ,35˚2.45',128˚45.32',7,B,35,2.45,128,45.32,35.04083333,128.7553333,35.04083333,128.7553333,6
GJ,35˚2.34',128˚45.32',8,B,35,2.34,128,45.32,35.039,128.7553333,35.039,128.7553333,6
GJ,35˚2.23',128˚45.32',9,B,35,2.23,128,45.32,35.03716667,128.7553333,35.03716667,128.7553333,6
GJ,35˚2.12',128˚45.32',10,B,35,2.12,128,45.32,35.03533333,128.7553333,35.03533333,128.7553333,6
GJ,35˚2.02',128˚45.32',11,B,35,2.02,128,45.32,35.03366667,128.7553333,35.03366667,128.7553333,6
GJ,35˚1.91',128˚45.32',12,B,35,1.91,128,45.32,35.03183333,128.7553333,35.03183333,128.7553333,6
GJ,35˚1.8',128˚45.32',13,B,35,1.8,128,45.32,35.03,128.7553333,35.03,128.7553333,6
GJ,35˚1.69',128˚45.32',14,B,35,1.69,128,45.32,35.02816667,128.7553333,35.02816667,128.7553333,6
GJ,35˚1.58',128˚45.32',15,B,35,1.58,128,45.32,35.02633333,128.7553333,35.02633333,128.7553333,6
GJ,35˚3.1',128˚45.46',1,B,35,3.1,128,45.46,35.05166667,128.7576667,35.05166667,128.7576667,7
GJ,35˚2.99',128˚45.46',2,B,35,2.99,128,45.46,35.04983333,128.7576667,35.04983333,128.7576667,7
GJ,35˚2.88',128˚45.46',3,B,35,2.88,128,45.46,35.048,128.7576667,35.048,128.7576667,7
GJ,35˚2.77',128˚45.46',4,B,35,2.77,128,45.46,35.04616667,128.7576667,35.04616667,128.7576667,7
GJ,35˚2.66',128˚45.46',5,B,35,2.66,128,45.46,35.04433333,128.7576667,35.04433333,128.7576667,7
GJ,35˚2.56',128˚45.46',6,B,35,2.56,128,45.46,35.04266667,128.7576667,35.04266667,128.7576667,7
GJ,35˚2.45',128˚45.46',7,B,35,2.45,128,45.46,35.04083333,128.7576667,35.04083333,128.7576667,7
GJ,35˚2.34',128˚45.46',8,B,35,2.34,128,45.46,35.039,128.7576667,35.039,128.7576667,7
GJ,35˚2.23',128˚45.46',9,B,35,2.23,128,45.46,35.03716667,128.7576667,35.03716667,128.7576667,7
GJ,35˚2.12',128˚45.46',10,B,35,2.12,128,45.46,35.03533333,128.7576667,35.03533333,128.7576667,7
GJ,35˚2.02',128˚45.46',11,B,35,2.02,128,45.46,35.03366667,128.7576667,35.03366667,128.7576667,7
GJ,35˚1.91',128˚45.46',12,B,35,1.91,128,45.46,35.03183333,128.7576667,35.03183333,128.7576667,7
GJ,35˚1.8',128˚45.46',13,B,35,1.8,128,45.46,35.03,128.7576667,35.03,128.7576667,7
GJ,35˚1.69',128˚45.46',14,B,35,1.69,128,45.46,35.02816667,128.7576667,35.02816667,128.7576667,7
GJ,35˚1.58',128˚45.46',15,B,35,1.58,128,45.46,35.02633333,128.7576667,35.02633333,128.7576667,7
GJ,35˚3.1',128˚45.59',1,B,35,3.1,128,45.59,35.05166667,128.7598333,35.05166667,128.7598333,8
GJ,35˚2.99',128˚45.59',2,B,35,2.99,128,45.59,35.04983333,128.7598333,35.04983333,128.7598333,8
GJ,35˚2.88',128˚45.59',3,B,35,2.88,128,45.59,35.048,128.7598333,35.048,128.7598333,8
GJ,35˚2.77',128˚45.59',4,B,35,2.77,128,45.59,35.04616667,128.7598333,35.04616667,128.7598333,8
GJ,35˚2.66',128˚45.59',5,B,35,2.66,128,45.59,35.04433333,128.7598333,35.04433333,128.7598333,8
GJ,35˚2.56',128˚45.59',6,B,35,2.56,128,45.59,35.04266667,128.7598333,35.04266667,128.7598333,8
GJ,35˚2.45',128˚45.59',7,B,35,2.45,128,45.59,35.04083333,128.7598333,35.04083333,128.7598333,8
GJ,35˚2.34',128˚45.59',8,B,35,2.34,128,45.59,35.039,128.7598333,35.039,128.7598333,8
GJ,35˚2.23',128˚45.59',9,B,35,2.23,128,45.59,35.03716667,128.7598333,35.03716667,128.7598333,8
GJ,35˚2.12',128˚45.59',10,B,35,2.12,128,45.59,35.03533333,128.7598333,35.03533333,128.7598333,8
GJ,35˚2.02',128˚45.59',11,B,35,2.02,128,45.59,35.03366667,128.7598333,35.03366667,128.7598333,8
GJ,35˚1.91',128˚45.59',12,B,35,1.91,128,45.59,35.03183333,128.7598333,35.03183333,128.7598333,8
GJ,35˚1.8',128˚45.59',13,B,35,1.8,128,45.59,35.03,128.7598333,35.03,128.7598333,8
GJ,35˚1.69',128˚45.59',14,B,35,1.69,128,45.59,35.02816667,128.7598333,35.02816667,128.7598333,8
GJ,35˚1.58',128˚45.59',15,B,35,1.58,128,45.59,35.02633333,128.7598333,35.02633333,128.7598333,8
GJ,35˚3.1',128˚45.72',1,B,35,3.1,128,45.72,35.05166667,128.762,35.05166667,128.762,9
GJ,35˚2.99',128˚45.72',2,B,35,2.99,128,45.72,35.04983333,128.762,35.04983333,128.762,9
GJ,35˚2.88',128˚45.72',3,B,35,2.88,128,45.72,35.048,128.762,35.048,128.762,9
GJ,35˚2.77',128˚45.72',4,B,35,2.77,128,45.72,35.04616667,128.762,35.04616667,128.762,9
GJ,35˚2.66',128˚45.72',5,B,35,2.66,128,45.72,35.04433333,128.762,35.04433333,128.762,9
GJ,35˚2.56',128˚45.72',6,B,35,2.56,128,45.72,35.04266667,128.762,35.04266667,128.762,9
GJ,35˚2.45',128˚45.72',7,B,35,2.45,128,45.72,35.04083333,128.762,35.04083333,128.762,9
GJ,35˚2.34',128˚45.72',8,B,35,2.34,128,45.72,35.039,128.762,35.039,128.762,9
GJ,35˚2.23',128˚45.72',9,B,35,2.23,128,45.72,35.03716667,128.762,35.03716667,128.762,9
GJ,35˚2.12',128˚45.72',10,B,35,2.12,128,45.72,35.03533333,128.762,35.03533333,128.762,9
GJ,35˚2.02',128˚45.72',11,B,35,2.02,128,45.72,35.03366667,128.762,35.03366667,128.762,9
GJ,35˚1.91',128˚45.72',12,B,35,1.91,128,45.72,35.03183333,128.762,35.03183333,128.762,9
GJ,35˚1.8',128˚45.72',13,B,35,1.8,128,45.72,35.03,128.762,35.03,128.762,9
GJ,35˚1.69',128˚45.72',14,B,35,1.69,128,45.72,35.02816667,128.762,35.02816667,128.762,9
GJ,35˚1.58',128˚45.72',15,B,35,1.58,128,45.72,35.02633333,128.762,35.02633333,128.762,9
GJ,35˚3.1',128˚45.85',1,B,35,3.1,128,45.85,35.05166667,128.7641667,35.05166667,128.7641667,10
GJ,35˚2.99',128˚45.85',2,B,35,2.99,128,45.85,35.04983333,128.7641667,35.04983333,128.7641667,10
GJ,35˚2.88',128˚45.85',3,B,35,2.88,128,45.85,35.048,128.7641667,35.048,128.7641667,10
GJ,35˚2.77',128˚45.85',4,B,35,2.77,128,45.85,35.04616667,128.7641667,35.04616667,128.7641667,10
GJ,35˚2.66',128˚45.85',5,B,35,2.66,128,45.85,35.04433333,128.7641667,35.04433333,128.7641667,10
GJ,35˚2.56',128˚45.85',6,B,35,2.56,128,45.85,35.04266667,128.7641667,35.04266667,128.7641667,10
GJ,35˚2.45',128˚45.85',7,B,35,2.45,128,45.85,35.04083333,128.7641667,35.04083333,128.7641667,10
GJ,35˚2.34',128˚45.85',8,B,35,2.34,128,45.85,35.039,128.7641667,35.039,128.7641667,10
GJ,35˚2.23',128˚45.85',9,B,35,2.23,128,45.85,35.03716667,128.7641667,35.03716667,128.7641667,10
GJ,35˚2.12',128˚45.85',10,B,35,2.12,128,45.85,35.03533333,128.7641667,35.03533333,128.7641667,10
GJ,35˚2.02',128˚45.85',11,B,35,2.02,128,45.85,35.03366667,128.7641667,35.03366667,128.7641667,10
GJ,35˚1.91',128˚45.85',12,B,35,1.91,128,45.85,35.03183333,128.7641667,35.03183333,128.7641667,10
GJ,35˚1.8',128˚45.85',13,B,35,1.8,128,45.85,35.03,128.7641667,35.03,128.7641667,10
GJ,35˚1.69',128˚45.85',14,B,35,1.69,128,45.85,35.02816667,128.7641667,35.02816667,128.7641667,10
GJ,35˚1.58',128˚45.85',15,B,35,1.58,128,45.85,35.02633333,128.7641667,35.02633333,128.7641667,10
GJ,35˚3.1',128˚45.98',1,C,35,3.1,128,45.98,35.05166667,128.7663333,35.05166667,128.7663333,11
GJ,35˚2.99',128˚45.98',2,C,35,2.99,128,45.98,35.04983333,128.7663333,35.04983333,128.7663333,11
GJ,35˚2.88',128˚45.98',3,C,35,2.88,128,45.98,35.048,128.7663333,35.048,128.7663333,11
GJ,35˚2.77',128˚45.98',4,C,35,2.77,128,45.98,35.04616667,128.7663333,35.04616667,128.7663333,11
GJ,35˚2.66',128˚45.98',5,C,35,2.66,128,45.98,35.04433333,128.7663333,35.04433333,128.7663333,11
GJ,35˚2.56',128˚45.98',6,C,35,2.56,128,45.98,35.04266667,128.7663333,35.04266667,128.7663333,11
GJ,35˚2.45',128˚45.98',7,C,35,2.45,128,45.98,35.04083333,128.7663333,35.04083333,128.7663333,11
GJ,35˚2.34',128˚45.98',8,C,35,2.34,128,45.98,35.039,128.7663333,35.039,128.7663333,11
GJ,35˚2.23',128˚45.98',9,C,35,2.23,128,45.98,35.03716667,128.7663333,35.03716667,128.7663333,11
GJ,35˚2.12',128˚45.98',10,C,35,2.12,128,45.98,35.03533333,128.7663333,35.03533333,128.7663333,11
GJ,35˚2.02',128˚45.98',11,C,35,2.02,128,45.98,35.03366667,128.7663333,35.03366667,128.7663333,11
GJ,35˚1.91',128˚45.98',12,C,35,1.91,128,45.98,35.03183333,128.7663333,35.03183333,128.7663333,11
GJ,35˚1.8',128˚45.98',13,C,35,1.8,128,45.98,35.03,128.7663333,35.03,128.7663333,11
GJ,35˚1.69',128˚45.98',14,C,35,1.69,128,45.98,35.02816667,128.7663333,35.02816667,128.7663333,11
GJ,35˚1.58',128˚45.98',15,C,35,1.58,128,45.98,35.02633333,128.7663333,35.02633333,128.7663333,11
GJ,35˚3.1',128˚46.12',1,C,35,3.1,128,46.12,35.05166667,128.7686667,35.05166667,128.7686667,12
GJ,35˚2.99',128˚46.12',2,C,35,2.99,128,46.12,35.04983333,128.7686667,35.04983333,128.7686667,12
GJ,35˚2.88',128˚46.12',3,C,35,2.88,128,46.12,35.048,128.7686667,35.048,128.7686667,12
GJ,35˚2.77',128˚46.12',4,C,35,2.77,128,46.12,35.04616667,128.7686667,35.04616667,128.7686667,12
GJ,35˚2.66',128˚46.12',5,C,35,2.66,128,46.12,35.04433333,128.7686667,35.04433333,128.7686667,12
GJ,35˚2.56',128˚46.12',6,C,35,2.56,128,46.12,35.04266667,128.7686667,35.04266667,128.7686667,12
GJ,35˚2.45',128˚46.12',7,C,35,2.45,128,46.12,35.04083333,128.7686667,35.04083333,128.7686667,12
GJ,35˚2.34',128˚46.12',8,C,35,2.34,128,46.12,35.039,128.7686667,35.039,128.7686667,12
GJ,35˚2.23',128˚46.12',9,C,35,2.23,128,46.12,35.03716667,128.7686667,35.03716667,128.7686667,12
GJ,35˚2.12',128˚46.12',10,C,35,2.12,128,46.12,35.03533333,128.7686667,35.03533333,128.7686667,12
GJ,35˚2.02',128˚46.12',11,C,35,2.02,128,46.12,35.03366667,128.7686667,35.03366667,128.7686667,12
GJ,35˚1.91',128˚46.12',12,C,35,1.91,128,46.12,35.03183333,128.7686667,35.03183333,128.7686667,12
GJ,35˚1.8',128˚46.12',13,C,35,1.8,128,46.12,35.03,128.7686667,35.03,128.7686667,12
GJ,35˚1.69',128˚46.12',14,C,35,1.69,128,46.12,35.02816667,128.7686667,35.02816667,128.7686667,12
GJ,35˚1.58',128˚46.12',15,C,35,1.58,128,46.12,35.02633333,128.7686667,35.02633333,128.7686667,12
GJ,35˚3.1',128˚46.25',1,C,35,3.1,128,46.25,35.05166667,128.7708333,35.05166667,128.7708333,13
GJ,35˚2.99',128˚46.25',2,C,35,2.99,128,46.25,35.04983333,128.7708333,35.04983333,128.7708333,13
GJ,35˚2.88',128˚46.25',3,C,35,2.88,128,46.25,35.048,128.7708333,35.048,128.7708333,13
GJ,35˚2.77',128˚46.25',4,C,35,2.77,128,46.25,35.04616667,128.7708333,35.04616667,128.7708333,13
GJ,35˚2.66',128˚46.25',5,C,35,2.66,128,46.25,35.04433333,128.7708333,35.04433333,128.7708333,13
GJ,35˚2.56',128˚46.25',6,C,35,2.56,128,46.25,35.04266667,128.7708333,35.04266667,128.7708333,13
GJ,35˚2.45',128˚46.25',7,C,35,2.45,128,46.25,35.04083333,128.7708333,35.04083333,128.7708333,13
GJ,35˚2.34',128˚46.25',8,C,35,2.34,128,46.25,35.039,128.7708333,35.039,128.7708333,13
GJ,35˚2.23',128˚46.25',9,C,35,2.23,128,46.25,35.03716667,128.7708333,35.03716667,128.7708333,13
GJ,35˚2.12',128˚46.25',10,C,35,2.12,128,46.25,35.03533333,128.7708333,35.03533333,128.7708333,13
GJ,35˚2.02',128˚46.25',11,C,35,2.02,128,46.25,35.03366667,128.7708333,35.03366667,128.7708333,13
GJ,35˚1.91',128˚46.25',12,C,35,1.91,128,46.25,35.03183333,128.7708333,35.03183333,128.7708333,13
GJ,35˚1.8',128˚46.25',13,C,35,1.8,128,46.25,35.03,128.7708333,35.03,128.7708333,13
GJ,35˚1.69',128˚46.25',14,C,35,1.69,128,46.25,35.02816667,128.7708333,35.02816667,128.7708333,13
GJ,35˚1.58',128˚46.25',15,C,35,1.58,128,46.25,35.02633333,128.7708333,35.02633333,128.7708333,13
GJ,35˚3.1',128˚46.38',1,C,35,3.1,128,46.38,35.05166667,128.773,35.05166667,128.773,14
GJ,35˚2.99',128˚46.38',2,C,35,2.99,128,46.38,35.04983333,128.773,35.04983333,128.773,14
GJ,35˚2.88',128˚46.38',3,C,35,2.88,128,46.38,35.048,128.773,35.048,128.773,14
GJ,35˚2.77',128˚46.38',4,C,35,2.77,128,46.38,35.04616667,128.773,35.04616667,128.773,14
GJ,35˚2.66',128˚46.38',5,C,35,2.66,128,46.38,35.04433333,128.773,35.04433333,128.773,14
GJ,35˚2.56',128˚46.38',6,C,35,2.56,128,46.38,35.04266667,128.773,35.04266667,128.773,14
GJ,35˚2.45',128˚46.38',7,C,35,2.45,128,46.38,35.04083333,128.773,35.04083333,128.773,14
GJ,35˚2.34',128˚46.38',8,C,35,2.34,128,46.38,35.039,128.773,35.039,128.773,14
GJ,35˚2.23',128˚46.38',9,C,35,2.23,128,46.38,35.03716667,128.773,35.03716667,128.773,14
GJ,35˚2.12',128˚46.38',10,C,35,2.12,128,46.38,35.03533333,128.773,35.03533333,128.773,14
GJ,35˚2.02',128˚46.38',11,C,35,2.02,128,46.38,35.03366667,128.773,35.03366667,128.773,14
GJ,35˚1.91',128˚46.38',12,C,35,1.91,128,46.38,35.03183333,128.773,35.03183333,128.773,14
GJ,35˚1.8',128˚46.38',13,C,35,1.8,128,46.38,35.03,128.773,35.03,128.773,14
GJ,35˚1.69',128˚46.38',14,C,35,1.69,128,46.38,35.02816667,128.773,35.02816667,128.773,14
GJ,35˚1.58',128˚46.38',15,C,35,1.58,128,46.38,35.02633333,128.773,35.02633333,128.773,14
GJ,35˚3.1',128˚46.51',1,C,35,3.1,128,46.51,35.05166667,128.7751667,35.05166667,128.7751667,15
GJ,35˚2.99',128˚46.51',2,C,35,2.99,128,46.51,35.04983333,128.7751667,35.04983333,128.7751667,15
GJ,35˚2.88',128˚46.51',3,C,35,2.88,128,46.51,35.048,128.7751667,35.048,128.7751667,15
GJ,35˚2.77',128˚46.51',4,C,35,2.77,128,46.51,35.04616667,128.7751667,35.04616667,128.7751667,15
GJ,35˚2.66',128˚46.51',5,C,35,2.66,128,46.51,35.04433333,128.7751667,35.04433333,128.7751667,15
GJ,35˚2.56',128˚46.51',6,C,35,2.56,128,46.51,35.04266667,128.7751667,35.04266667,128.7751667,15
GJ,35˚2.45',128˚46.51',7,C,35,2.45,128,46.51,35.04083333,128.7751667,35.04083333,128.7751667,15
GJ,35˚2.34',128˚46.51',8,C,35,2.34,128,46.51,35.039,128.7751667,35.039,128.7751667,15
GJ,35˚2.23',128˚46.51',9,C,35,2.23,128,46.51,35.03716667,128.7751667,35.03716667,128.7751667,15
GJ,35˚2.12',128˚46.51',10,C,35,2.12,128,46.51,35.03533333,128.7751667,35.03533333,128.7751667,15
GJ,35˚2.02',128˚46.51',11,C,35,2.02,128,46.51,35.03366667,128.7751667,35.03366667,128.7751667,15
GJ,35˚1.91',128˚46.51',12,C,35,1.91,128,46.51,35.03183333,128.7751667,35.03183333,128.7751667,15
GJ,35˚1.8',128˚46.51',13,C,35,1.8,128,46.51,35.03,128.7751667,35.03,128.7751667,15
GJ,35˚1.69',128˚46.51',14,C,35,1.69,128,46.51,35.02816667,128.7751667,35.02816667,128.7751667,15
GJ,35˚1.58',128˚46.51',15,C,35,1.58,128,46.51,35.02633333,128.7751667,35.02633333,128.7751667,15
SY,35˚8.61',129˚8.44',1,A,35,8.61,129,8.44,35.1435,129.1406667,35.1435,129.1406667,1
SY,35˚8.5',129˚8.44',2,A,35,8.5,129,8.44,35.14166667,129.1406667,35.14166667,129.1406667,1
SY,35˚8.39',129˚8.44',3,A,35,8.39,129,8.44,35.13983333,129.1406667,35.13983333,129.1406667,1
SY,35˚8.28',129˚8.44',4,A,35,8.28,129,8.44,35.138,129.1406667,35.138,129.1406667,1
SY,35˚8.17',129˚8.44',5,A,35,8.17,129,8.44,35.13616667,129.1406667,35.13616667,129.1406667,1
SY,35˚8.07',129˚8.44',6,A,35,8.07,129,8.44,35.1345,129.1406667,35.1345,129.1406667,1
SY,35˚7.96',129˚8.44',7,A,35,7.96,129,8.44,35.13266667,129.1406667,35.13266667,129.1406667,1
SY,35˚7.85',129˚8.44',8,A,35,7.85,129,8.44,35.13083333,129.1406667,35.13083333,129.1406667,1
SY,35˚7.74',129˚8.44',9,A,35,7.74,129,8.44,35.129,129.1406667,35.129,129.1406667,1
SY,35˚7.63',129˚8.44',10,A,35,7.63,129,8.44,35.12716667,129.1406667,35.12716667,129.1406667,1
SY,35˚7.53',129˚8.44',11,A,35,7.53,129,8.44,35.1255,129.1406667,35.1255,129.1406667,1
SY,35˚7.42',129˚8.44',12,A,35,7.42,129,8.44,35.12366667,129.1406667,35.12366667,129.1406667,1
SY,35˚7.31',129˚8.44',13,A,35,7.31,129,8.44,35.12183333,129.1406667,35.12183333,129.1406667,1
SY,35˚7.2',129˚8.44',14,A,35,7.2,129,8.44,35.12,129.1406667,35.12,129.1406667,1
SY,35˚7.09',129˚8.44',15,A,35,7.09,129,8.44,35.11816667,129.1406667,35.11816667,129.1406667,1
SY,35˚8.61',129˚8.57',1,A,35,8.61,129,8.57,35.1435,129.1428333,35.1435,129.1428333,2
SY,35˚8.5',129˚8.57',2,A,35,8.5,129,8.57,35.14166667,129.1428333,35.14166667,129.1428333,2
SY,35˚8.39',129˚8.57',3,A,35,8.39,129,8.57,35.13983333,129.1428333,35.13983333,129.1428333,2
SY,35˚8.28',129˚8.57',4,A,35,8.28,129,8.57,35.138,129.1428333,35.138,129.1428333,2
SY,35˚8.17',129˚8.57',5,A,35,8.17,129,8.57,35.13616667,129.1428333,35.13616667,129.1428333,2
SY,35˚8.07',129˚8.57',6,A,35,8.07,129,8.57,35.1345,129.1428333,35.1345,129.1428333,2
SY,35˚7.96',129˚8.57',7,A,35,7.96,129,8.57,35.13266667,129.1428333,35.13266667,129.1428333,2
SY,35˚7.85',129˚8.57',8,A,35,7.85,129,8.57,35.13083333,129.1428333,35.13083333,129.1428333,2
SY,35˚7.74',129˚8.57',9,A,35,7.74,129,8.57,35.129,129.1428333,35.129,129.1428333,2
SY,35˚7.63',129˚8.57',10,A,35,7.63,129,8.57,35.12716667,129.1428333,35.12716667,129.1428333,2
SY,35˚7.53',129˚8.57',11,A,35,7.53,129,8.57,35.1255,129.1428333,35.1255,129.1428333,2
SY,35˚7.42',129˚8.57',12,A,35,7.42,129,8.57,35.12366667,129.1428333,35.12366667,129.1428333,2
SY,35˚7.31',129˚8.57',13,A,35,7.31,129,8.57,35.12183333,129.1428333,35.12183333,129.1428333,2
SY,35˚7.2',129˚8.57',14,A,35,7.2,129,8.57,35.12,129.1428333,35.12,129.1428333,2
SY,35˚7.09',129˚8.57',15,A,35,7.09,129,8.57,35.11816667,129.1428333,35.11816667,129.1428333,3
SY,35˚8.61',129˚8.7',1,A,35,8.61,129,8.7',35.1435,#VALUE!,35.1435,#VALUE!,3
SY,35˚8.5',129˚8.7',2,A,35,8.5,129,8.7',35.14166667,#VALUE!,35.14166667,#VALUE!,3
SY,35˚8.39',129˚8.7',3,A,35,8.39,129,8.7',35.13983333,#VALUE!,35.13983333,#VALUE!,3
SY,35˚8.28',129˚8.7',4,A,35,8.28,129,8.7',35.138,#VALUE!,35.138,#VALUE!,3
SY,35˚8.17',129˚8.7',5,A,35,8.17,129,8.7',35.13616667,#VALUE!,35.13616667,#VALUE!,3
SY,35˚8.07',129˚8.7',6,A,35,8.07,129,8.7',35.1345,#VALUE!,35.1345,#VALUE!,3
SY,35˚7.96',129˚8.7',7,A,35,7.96,129,8.7',35.13266667,#VALUE!,35.13266667,#VALUE!,3
SY,35˚7.85',129˚8.7',8,A,35,7.85,129,8.7',35.13083333,#VALUE!,35.13083333,#VALUE!,3
SY,35˚7.74',129˚8.7',9,A,35,7.74,129,8.7',35.129,#VALUE!,35.129,#VALUE!,3
SY,35˚7.63',129˚8.7',10,A,35,7.63,129,8.7',35.12716667,#VALUE!,35.12716667,#VALUE!,3
SY,35˚7.53',129˚8.7',11,A,35,7.53,129,8.7',35.1255,#VALUE!,35.1255,#VALUE!,3
SY,35˚7.42',129˚8.7',12,A,35,7.42,129,8.7',35.12366667,#VALUE!,35.12366667,#VALUE!,3
SY,35˚7.31',129˚8.7',13,A,35,7.31,129,8.7',35.12183333,#VALUE!,35.12183333,#VALUE!,3
SY,35˚7.2',129˚8.7',14,A,35,7.2,129,8.7',35.12,#VALUE!,35.12,#VALUE!,3
SY,35˚7.09',129˚8.7',15,A,35,7.09,129,8.7',35.11816667,#VALUE!,35.11816667,#VALUE!,3
SY,35˚8.61',129˚8.83',1,A,35,8.61,129,8.83,35.1435,129.1471667,35.1435,129.1471667,4
SY,35˚8.5',129˚8.83',2,A,35,8.5,129,8.83,35.14166667,129.1471667,35.14166667,129.1471667,4
SY,35˚8.39',129˚8.83',3,A,35,8.39,129,8.83,35.13983333,129.1471667,35.13983333,129.1471667,4
SY,35˚8.28',129˚8.83',4,A,35,8.28,129,8.83,35.138,129.1471667,35.138,129.1471667,4
SY,35˚8.17',129˚8.83',5,A,35,8.17,129,8.83,35.13616667,129.1471667,35.13616667,129.1471667,4
SY,35˚8.07',129˚8.83',6,A,35,8.07,129,8.83,35.1345,129.1471667,35.1345,129.1471667,4
SY,35˚7.96',129˚8.83',7,A,35,7.96,129,8.83,35.13266667,129.1471667,35.13266667,129.1471667,4
SY,35˚7.85',129˚8.83',8,A,35,7.85,129,8.83,35.13083333,129.1471667,35.13083333,129.1471667,4
SY,35˚7.74',129˚8.83',9,A,35,7.74,129,8.83,35.129,129.1471667,35.129,129.1471667,4
SY,35˚7.63',129˚8.83',10,A,35,7.63,129,8.83,35.12716667,129.1471667,35.12716667,129.1471667,4
SY,35˚7.53',129˚8.83',11,A,35,7.53,129,8.83,35.1255,129.1471667,35.1255,129.1471667,4
SY,35˚7.42',129˚8.83',12,A,35,7.42,129,8.83,35.12366667,129.1471667,35.12366667,129.1471667,4
SY,35˚7.31',129˚8.83',13,A,35,7.31,129,8.83,35.12183333,129.1471667,35.12183333,129.1471667,4
SY,35˚7.2',129˚8.83',14,A,35,7.2,129,8.83,35.12,129.1471667,35.12,129.1471667,4
SY,35˚7.09',129˚8.83',15,A,35,7.09,129,8.83,35.11816667,129.1471667,35.11816667,129.1471667,4
SY,35˚8.61',129˚8.96',1,A,35,8.61,129,8.96,35.1435,129.1493333,35.1435,129.1493333,5
SY,35˚8.5',129˚8.96',2,A,35,8.5,129,8.96,35.14166667,129.1493333,35.14166667,129.1493333,5
SY,35˚8.39',129˚8.96',3,A,35,8.39,129,8.96,35.13983333,129.1493333,35.13983333,129.1493333,5
SY,35˚8.28',129˚8.96',4,A,35,8.28,129,8.96,35.138,129.1493333,35.138,129.1493333,5
SY,35˚8.17',129˚8.96',5,A,35,8.17,129,8.96,35.13616667,129.1493333,35.13616667,129.1493333,5
SY,35˚8.07',129˚8.96',6,A,35,8.07,129,8.96,35.1345,129.1493333,35.1345,129.1493333,5
SY,35˚7.96',129˚8.96',7,A,35,7.96,129,8.96,35.13266667,129.1493333,35.13266667,129.1493333,5
SY,35˚7.85',129˚8.96',8,A,35,7.85,129,8.96,35.13083333,129.1493333,35.13083333,129.1493333,5
SY,35˚7.74',129˚8.96',9,A,35,7.74,129,8.96,35.129,129.1493333,35.129,129.1493333,5
SY,35˚7.63',129˚8.96',10,A,35,7.63,129,8.96,35.12716667,129.1493333,35.12716667,129.1493333,5
SY,35˚7.53',129˚8.96',11,A,35,7.53,129,8.96,35.1255,129.1493333,35.1255,129.1493333,5
SY,35˚7.42',129˚8.96',12,A,35,7.42,129,8.96,35.12366667,129.1493333,35.12366667,129.1493333,5
SY,35˚7.31',129˚8.96',13,A,35,7.31,129,8.96,35.12183333,129.1493333,35.12183333,129.1493333,5
SY,35˚7.2',129˚8.96',14,A,35,7.2,129,8.96,35.12,129.1493333,35.12,129.1493333,5
SY,35˚7.09',129˚8.96',15,A,35,7.09,129,8.96,35.11816667,129.1493333,35.11816667,129.1493333,5
SY,35˚8.61',129˚9.1',1,B,35,8.61,129,9.1,35.1435,129.1516667,35.1435,129.1516667,6
SY,35˚8.5',129˚9.1',2,B,35,8.5,129,9.1,35.14166667,129.1516667,35.14166667,129.1516667,6
SY,35˚8.39',129˚9.1',3,B,35,8.39,129,9.1,35.13983333,129.1516667,35.13983333,129.1516667,6
SY,35˚8.28',129˚9.1',4,B,35,8.28,129,9.1,35.138,129.1516667,35.138,129.1516667,6
SY,35˚8.17',129˚9.1',5,B,35,8.17,129,9.1,35.13616667,129.1516667,35.13616667,129.1516667,6
SY,35˚8.07',129˚9.1',6,B,35,8.07,129,9.1,35.1345,129.1516667,35.1345,129.1516667,6
SY,35˚7.96',129˚9.1',7,B,35,7.96,129,9.1,35.13266667,129.1516667,35.13266667,129.1516667,6
SY,35˚7.85',129˚9.1',8,B,35,7.85,129,9.1,35.13083333,129.1516667,35.13083333,129.1516667,6
SY,35˚7.74',129˚9.1',9,B,35,7.74,129,9.1,35.129,129.1516667,35.129,129.1516667,6
SY,35˚7.63',129˚9.1',10,B,35,7.63,129,9.1,35.12716667,129.1516667,35.12716667,129.1516667,6
SY,35˚7.53',129˚9.1',11,B,35,7.53,129,9.1,35.1255,129.1516667,35.1255,129.1516667,6
SY,35˚7.42',129˚9.1',12,B,35,7.42,129,9.1,35.12366667,129.1516667,35.12366667,129.1516667,6
SY,35˚7.31',129˚9.1',13,B,35,7.31,129,9.1,35.12183333,129.1516667,35.12183333,129.1516667,6
SY,35˚7.2',129˚9.1',14,B,35,7.2,129,9.1,35.12,129.1516667,35.12,129.1516667,6
SY,35˚7.09',129˚9.1',15,B,35,7.09,129,9.1,35.11816667,129.1516667,35.11816667,129.1516667,6
SY,35˚8.61',129˚9.23',1,B,35,8.61,129,9.23,35.1435,129.1538333,35.1435,129.1538333,7
SY,35˚8.5',129˚9.23',2,B,35,8.5,129,9.23,35.14166667,129.1538333,35.14166667,129.1538333,7
SY,35˚8.39',129˚9.23',3,B,35,8.39,129,9.23,35.13983333,129.1538333,35.13983333,129.1538333,7
SY,35˚8.28',129˚9.23',4,B,35,8.28,129,9.23,35.138,129.1538333,35.138,129.1538333,7
SY,35˚8.17',129˚9.23',5,B,35,8.17,129,9.23,35.13616667,129.1538333,35.13616667,129.1538333,7
SY,35˚8.07',129˚9.23',6,B,35,8.07,129,9.23,35.1345,129.1538333,35.1345,129.1538333,7
SY,35˚7.96',129˚9.23',7,B,35,7.96,129,9.23,35.13266667,129.1538333,35.13266667,129.1538333,7
SY,35˚7.85',129˚9.23',8,B,35,7.85,129,9.23,35.13083333,129.1538333,35.13083333,129.1538333,7
SY,35˚7.74',129˚9.23',9,B,35,7.74,129,9.23,35.129,129.1538333,35.129,129.1538333,7
SY,35˚7.63',129˚9.23',10,B,35,7.63,129,9.23,35.12716667,129.1538333,35.12716667,129.1538333,7
SY,35˚7.53',129˚9.23',11,B,35,7.53,129,9.23,35.1255,129.1538333,35.1255,129.1538333,7
SY,35˚7.42',129˚9.23',12,B,35,7.42,129,9.23,35.12366667,129.1538333,35.12366667,129.1538333,7
SY,35˚7.31',129˚9.23',13,B,35,7.31,129,9.23,35.12183333,129.1538333,35.12183333,129.1538333,7
SY,35˚7.2',129˚9.23',14,B,35,7.2,129,9.23,35.12,129.1538333,35.12,129.1538333,7
SY,35˚7.09',129˚9.23',15,B,35,7.09,129,9.23,35.11816667,129.1538333,35.11816667,129.1538333,7
SY,35˚8.61',129˚9.36',1,B,35,8.61,129,9.36,35.1435,129.156,35.1435,129.156,8
SY,35˚8.5',129˚9.36',2,B,35,8.5,129,9.36,35.14166667,129.156,35.14166667,129.156,8
SY,35˚8.39',129˚9.36',3,B,35,8.39,129,9.36,35.13983333,129.156,35.13983333,129.156,8
SY,35˚8.28',129˚9.36',4,B,35,8.28,129,9.36,35.138,129.156,35.138,129.156,8
SY,35˚8.17',129˚9.36',5,B,35,8.17,129,9.36,35.13616667,129.156,35.13616667,129.156,8
SY,35˚8.07',129˚9.36',6,B,35,8.07,129,9.36,35.1345,129.156,35.1345,129.156,8
SY,35˚7.96',129˚9.36',7,B,35,7.96,129,9.36,35.13266667,129.156,35.13266667,129.156,8
SY,35˚7.85',129˚9.36',8,B,35,7.85,129,9.36,35.13083333,129.156,35.13083333,129.156,8
SY,35˚7.74',129˚9.36',9,B,35,7.74,129,9.36,35.129,129.156,35.129,129.156,8
SY,35˚7.63',129˚9.36',10,B,35,7.63,129,9.36,35.12716667,129.156,35.12716667,129.156,8
SY,35˚7.53',129˚9.36',11,B,35,7.53,129,9.36,35.1255,129.156,35.1255,129.156,8
SY,35˚7.42',129˚9.36',12,B,35,7.42,129,9.36,35.12366667,129.156,35.12366667,129.156,8
SY,35˚7.31',129˚9.36',13,B,35,7.31,129,9.36,35.12183333,129.156,35.12183333,129.156,8
SY,35˚7.2',129˚9.36',14,B,35,7.2,129,9.36,35.12,129.156,35.12,129.156,8
SY,35˚7.09',129˚9.36',15,B,35,7.09,129,9.36,35.11816667,129.156,35.11816667,129.156,8
SY,35˚8.61',129˚9.49',1,B,35,8.61,129,9.49,35.1435,129.1581667,35.1435,129.1581667,9
SY,35˚8.5',129˚9.49',2,B,35,8.5,129,9.49,35.14166667,129.1581667,35.14166667,129.1581667,9
SY,35˚8.39',129˚9.49',3,B,35,8.39,129,9.49,35.13983333,129.1581667,35.13983333,129.1581667,9
SY,35˚8.28',129˚9.49',4,B,35,8.28,129,9.49,35.138,129.1581667,35.138,129.1581667,9
SY,35˚8.17',129˚9.49',5,B,35,8.17,129,9.49,35.13616667,129.1581667,35.13616667,129.1581667,9
SY,35˚8.07',129˚9.49',6,B,35,8.07,129,9.49,35.1345,129.1581667,35.1345,129.1581667,9
SY,35˚7.96',129˚9.49',7,B,35,7.96,129,9.49,35.13266667,129.1581667,35.13266667,129.1581667,9
SY,35˚7.85',129˚9.49',8,B,35,7.85,129,9.49,35.13083333,129.1581667,35.13083333,129.1581667,9
SY,35˚7.74',129˚9.49',9,B,35,7.74,129,9.49,35.129,129.1581667,35.129,129.1581667,9
SY,35˚7.63',129˚9.49',10,B,35,7.63,129,9.49,35.12716667,129.1581667,35.12716667,129.1581667,9
SY,35˚7.53',129˚9.49',11,B,35,7.53,129,9.49,35.1255,129.1581667,35.1255,129.1581667,9
SY,35˚7.42',129˚9.49',12,B,35,7.42,129,9.49,35.12366667,129.1581667,35.12366667,129.1581667,9
SY,35˚7.31',129˚9.49',13,B,35,7.31,129,9.49,35.12183333,129.1581667,35.12183333,129.1581667,9
SY,35˚7.2',129˚9.49',14,B,35,7.2,129,9.49,35.12,129.1581667,35.12,129.1581667,9
SY,35˚7.09',129˚9.49',15,B,35,7.09,129,9.49,35.11816667,129.1581667,35.11816667,129.1581667,9
SY,35˚8.61',129˚9.62',1,B,35,8.61,129,9.62,35.1435,129.1603333,35.1435,129.1603333,10
SY,35˚8.5',129˚9.62',2,B,35,8.5,129,9.62,35.14166667,129.1603333,35.14166667,129.1603333,10
SY,35˚8.39',129˚9.62',3,B,35,8.39,129,9.62,35.13983333,129.1603333,35.13983333,129.1603333,10
SY,35˚8.28',129˚9.62',4,B,35,8.28,129,9.62,35.138,129.1603333,35.138,129.1603333,10
SY,35˚8.17',129˚9.62',5,B,35,8.17,129,9.62,35.13616667,129.1603333,35.13616667,129.1603333,10
SY,35˚8.07',129˚9.62',6,B,35,8.07,129,9.62,35.1345,129.1603333,35.1345,129.1603333,10
SY,35˚7.96',129˚9.62',7,B,35,7.96,129,9.62,35.13266667,129.1603333,35.13266667,129.1603333,10
SY,35˚7.85',129˚9.62',8,B,35,7.85,129,9.62,35.13083333,129.1603333,35.13083333,129.1603333,10
SY,35˚7.74',129˚9.62',9,B,35,7.74,129,9.62,35.129,129.1603333,35.129,129.1603333,10
SY,35˚7.63',129˚9.62',10,B,35,7.63,129,9.62,35.12716667,129.1603333,35.12716667,129.1603333,10
SY,35˚7.53',129˚9.62',11,B,35,7.53,129,9.62,35.1255,129.1603333,35.1255,129.1603333,10
SY,35˚7.42',129˚9.62',12,B,35,7.42,129,9.62,35.12366667,129.1603333,35.12366667,129.1603333,10
SY,35˚7.31',129˚9.62',13,B,35,7.31,129,9.62,35.12183333,129.1603333,35.12183333,129.1603333,10
SY,35˚7.2',129˚9.62',14,B,35,7.2,129,9.62,35.12,129.1603333,35.12,129.1603333,10
SY,35˚7.09',129˚9.62',15,B,35,7.09,129,9.62,35.11816667,129.1603333,35.11816667,129.1603333,10
SY,35˚8.61',129˚9.76',1,C,35,8.61,129,9.76,35.1435,129.1626667,35.1435,129.1626667,11
SY,35˚8.5',129˚9.76',2,C,35,8.5,129,9.76,35.14166667,129.1626667,35.14166667,129.1626667,11
SY,35˚8.39',129˚9.76',3,C,35,8.39,129,9.76,35.13983333,129.1626667,35.13983333,129.1626667,11
SY,35˚8.28',129˚9.76',4,C,35,8.28,129,9.76,35.138,129.1626667,35.138,129.1626667,11
SY,35˚8.17',129˚9.76',5,C,35,8.17,129,9.76,35.13616667,129.1626667,35.13616667,129.1626667,11
SY,35˚8.07',129˚9.76',6,C,35,8.07,129,9.76,35.1345,129.1626667,35.1345,129.1626667,11
SY,35˚7.96',129˚9.76',7,C,35,7.96,129,9.76,35.13266667,129.1626667,35.13266667,129.1626667,11
SY,35˚7.85',129˚9.76',8,C,35,7.85,129,9.76,35.13083333,129.1626667,35.13083333,129.1626667,11
SY,35˚7.74',129˚9.76',9,C,35,7.74,129,9.76,35.129,129.1626667,35.129,129.1626667,11
SY,35˚7.63',129˚9.76',10,C,35,7.63,129,9.76,35.12716667,129.1626667,35.12716667,129.1626667,11
SY,35˚7.53',129˚9.76',11,C,35,7.53,129,9.76,35.1255,129.1626667,35.1255,129.1626667,11
SY,35˚7.42',129˚9.76',12,C,35,7.42,129,9.76,35.12366667,129.1626667,35.12366667,129.1626667,11
SY,35˚7.31',129˚9.76',13,C,35,7.31,129,9.76,35.12183333,129.1626667,35.12183333,129.1626667,11
SY,35˚7.2',129˚9.76',14,C,35,7.2,129,9.76,35.12,129.1626667,35.12,129.1626667,11
SY,35˚7.09',129˚9.76',15,C,35,7.09,129,9.76,35.11816667,129.1626667,35.11816667,129.1626667,11
SY,35˚8.61',129˚9.89',1,C,35,8.61,129,9.89,35.1435,129.1648333,35.1435,129.1648333,12
SY,35˚8.5',129˚9.89',2,C,35,8.5,129,9.89,35.14166667,129.1648333,35.14166667,129.1648333,12
SY,35˚8.39',129˚9.89',3,C,35,8.39,129,9.89,35.13983333,129.1648333,35.13983333,129.1648333,12
SY,35˚8.28',129˚9.89',4,C,35,8.28,129,9.89,35.138,129.1648333,35.138,129.1648333,12
SY,35˚8.17',129˚9.89',5,C,35,8.17,129,9.89,35.13616667,129.1648333,35.13616667,129.1648333,12
SY,35˚8.07',129˚9.89',6,C,35,8.07,129,9.89,35.1345,129.1648333,35.1345,129.1648333,12
SY,35˚7.96',129˚9.89',7,C,35,7.96,129,9.89,35.13266667,129.1648333,35.13266667,129.1648333,12
SY,35˚7.85',129˚9.89',8,C,35,7.85,129,9.89,35.13083333,129.1648333,35.13083333,129.1648333,12
SY,35˚7.74',129˚9.89',9,C,35,7.74,129,9.89,35.129,129.1648333,35.129,129.1648333,12
SY,35˚7.63',129˚9.89',10,C,35,7.63,129,9.89,35.12716667,129.1648333,35.12716667,129.1648333,12
SY,35˚7.53',129˚9.89',11,C,35,7.53,129,9.89,35.1255,129.1648333,35.1255,129.1648333,12
SY,35˚7.42',129˚9.89',12,C,35,7.42,129,9.89,35.12366667,129.1648333,35.12366667,129.1648333,12
SY,35˚7.31',129˚9.89',13,C,35,7.31,129,9.89,35.12183333,129.1648333,35.12183333,129.1648333,12
SY,35˚7.2',129˚9.89',14,C,35,7.2,129,9.89,35.12,129.1648333,35.12,129.1648333,12
SY,35˚7.09',129˚9.89',15,C,35,7.09,129,9.89,35.11816667,129.1648333,35.11816667,129.1648333,12
SY,35˚8.61',129˚10.02',1,C,35,8.61,129,10.02,35.1435,129.167,35.1435,129.167,13
SY,35˚8.5',129˚10.02',2,C,35,8.5,129,10.02,35.14166667,129.167,35.14166667,129.167,13
SY,35˚8.39',129˚10.02',3,C,35,8.39,129,10.02,35.13983333,129.167,35.13983333,129.167,13
SY,35˚8.28',129˚10.02',4,C,35,8.28,129,10.02,35.138,129.167,35.138,129.167,13
SY,35˚8.17',129˚10.02',5,C,35,8.17,129,10.02,35.13616667,129.167,35.13616667,129.167,13
SY,35˚8.07',129˚10.02',6,C,35,8.07,129,10.02,35.1345,129.167,35.1345,129.167,13
SY,35˚7.96',129˚10.02',7,C,35,7.96,129,10.02,35.13266667,129.167,35.13266667,129.167,13
SY,35˚7.85',129˚10.02',8,C,35,7.85,129,10.02,35.13083333,129.167,35.13083333,129.167,13
SY,35˚7.74',129˚10.02',9,C,35,7.74,129,10.02,35.129,129.167,35.129,129.167,13
SY,35˚7.63',129˚10.02',10,C,35,7.63,129,10.02,35.12716667,129.167,35.12716667,129.167,13
SY,35˚7.53',129˚10.02',11,C,35,7.53,129,10.02,35.1255,129.167,35.1255,129.167,13
SY,35˚7.42',129˚10.02',12,C,35,7.42,129,10.02,35.12366667,129.167,35.12366667,129.167,13
SY,35˚7.31',129˚10.02',13,C,35,7.31,129,10.02,35.12183333,129.167,35.12183333,129.167,13
SY,35˚7.2',129˚10.02',14,C,35,7.2,129,10.02,35.12,129.167,35.12,129.167,13
SY,35˚7.09',129˚10.02',15,C,35,7.09,129,10.02,35.11816667,129.167,35.11816667,129.167,13
SY,35˚8.61',129˚10.15',1,C,35,8.61,129,10.15,35.1435,129.1691667,35.1435,129.1691667,14
SY,35˚8.5',129˚10.15',2,C,35,8.5,129,10.15,35.14166667,129.1691667,35.14166667,129.1691667,14
SY,35˚8.39',129˚10.15',3,C,35,8.39,129,10.15,35.13983333,129.1691667,35.13983333,129.1691667,14
SY,35˚8.28',129˚10.15',4,C,35,8.28,129,10.15,35.138,129.1691667,35.138,129.1691667,14
SY,35˚8.17',129˚10.15',5,C,35,8.17,129,10.15,35.13616667,129.1691667,35.13616667,129.1691667,14
SY,35˚8.07',129˚10.15',6,C,35,8.07,129,10.15,35.1345,129.1691667,35.1345,129.1691667,14
SY,35˚7.96',129˚10.15',7,C,35,7.96,129,10.15,35.13266667,129.1691667,35.13266667,129.1691667,14
SY,35˚7.85',129˚10.15',8,C,35,7.85,129,10.15,35.13083333,129.1691667,35.13083333,129.1691667,14
SY,35˚7.74',129˚10.15',9,C,35,7.74,129,10.15,35.129,129.1691667,35.129,129.1691667,14
SY,35˚7.63',129˚10.15',10,C,35,7.63,129,10.15,35.12716667,129.1691667,35.12716667,129.1691667,14
SY,35˚7.53',129˚10.15',11,C,35,7.53,129,10.15,35.1255,129.1691667,35.1255,129.1691667,14
SY,35˚7.42',129˚10.15',12,C,35,7.42,129,10.15,35.12366667,129.1691667,35.12366667,129.1691667,14
SY,35˚7.31',129˚10.15',13,C,35,7.31,129,10.15,35.12183333,129.1691667,35.12183333,129.1691667,14
SY,35˚7.2',129˚10.15',14,C,35,7.2,129,10.15,35.12,129.1691667,35.12,129.1691667,14
SY,35˚7.09',129˚10.15',15,C,35,7.09,129,10.15,35.11816667,129.1691667,35.11816667,129.1691667,14
SY,35˚8.61',129˚10.28',1,C,35,8.61,129,10.28,35.1435,129.1713333,35.1435,129.1713333,15
SY,35˚8.5',129˚10.28',2,C,35,8.5,129,10.28,35.14166667,129.1713333,35.14166667,129.1713333,15
SY,35˚8.39',129˚10.28',3,C,35,8.39,129,10.28,35.13983333,129.1713333,35.13983333,129.1713333,15
SY,35˚8.28',129˚10.28',4,C,35,8.28,129,10.28,35.138,129.1713333,35.138,129.1713333,15
SY,35˚8.17',129˚10.28',5,C,35,8.17,129,10.28,35.13616667,129.1713333,35.13616667,129.1713333,15
SY,35˚8.07',129˚10.28',6,C,35,8.07,129,10.28,35.1345,129.1713333,35.1345,129.1713333,15
SY,35˚7.96',129˚10.28',7,C,35,7.96,129,10.28,35.13266667,129.1713333,35.13266667,129.1713333,15
SY,35˚7.85',129˚10.28',8,C,35,7.85,129,10.28,35.13083333,129.1713333,35.13083333,129.1713333,15
SY,35˚7.74',129˚10.28',9,C,35,7.74,129,10.28,35.129,129.1713333,35.129,129.1713333,15
SY,35˚7.63',129˚10.28',10,C,35,7.63,129,10.28,35.12716667,129.1713333,35.12716667,129.1713333,15
SY,35˚7.53',129˚10.28',11,C,35,7.53,129,10.28,35.1255,129.1713333,35.1255,129.1713333,15
SY,35˚7.42',129˚10.28',12,C,35,7.42,129,10.28,35.12366667,129.1713333,35.12366667,129.1713333,15
SY,35˚7.31',129˚10.28',13,C,35,7.31,129,10.28,35.12183333,129.1713333,35.12183333,129.1713333,15
SY,35˚7.2',129˚10.28',14,C,35,7.2,129,10.28,35.12,129.1713333,35.12,129.1713333,15
SY,35˚7.09',129˚10.28',15,C,35,7.09,129,10.28,35.11816667,129.1713333,35.11816667,129.1713333,15
